{"cameraMode":{"drawMode":0,"name":"Shaded","section":"Shading Mode"},"sceneLighting":false,"audioPlay":false,"sceneViewState":{"m_AlwaysRefresh":false,"showFog":true,"showSkybox":false,"showFlares":true,"showImageEffects":true,"showParticleSystems":true,"showVisualEffectGraphs":true,"m_FxEnabled":true},"in2DMode":false,"pivot":{"x":0.29486945271492007,"y":0.18085479736328126,"z":-0.7167850732803345},"rotation":{"x":-0.0017623212188482285,"y":0.060055870562791827,"z":-0.0008924352587200701,"w":-0.9984235167503357},"size":0.8353077173233032,"orthographic":false}