{"cameraMode":{"drawMode":0,"name":"Shaded","section":"Shading Mode"},"sceneLighting":true,"audioPlay":false,"sceneViewState":{"m_AlwaysRefresh":false,"showFog":true,"showSkybox":true,"showFlares":true,"showImageEffects":true,"showParticleSystems":true,"showVisualEffectGraphs":true,"m_FxEnabled":false},"in2DMode":false,"pivot":{"x":103.56673431396485,"y":4.9926652908325199,"z":87.83068084716797},"rotation":{"x":0.11032313108444214,"y":-0.5940327048301697,"z":0.08268728107213974,"w":0.7925524711608887},"size":49.44638442993164,"orthographic":false}