{"cameraMode":{"drawMode":0,"name":"Shaded","section":"Shading Mode"},"sceneLighting":true,"audioPlay":false,"sceneViewState":{"m_AlwaysRefresh":false,"showFog":true,"showSkybox":true,"showFlares":true,"showImageEffects":true,"showParticleSystems":true,"showVisualEffectGraphs":true,"m_FxEnabled":true},"in2DMode":false,"pivot":{"x":198.57919311523438,"y":146.76052856445313,"z":98.91466522216797},"rotation":{"x":-0.005907266400754452,"y":-0.6244778633117676,"z":-0.004125302657485008,"w":0.7812505960464478},"size":100.04930114746094,"orthographic":false}