{"cameraMode":{"drawMode":0,"name":"Shaded","section":"Shading Mode"},"sceneLighting":true,"audioPlay":false,"sceneViewState":{"m_AlwaysRefresh":false,"showFog":true,"showSkybox":true,"showFlares":true,"showImageEffects":true,"showParticleSystems":true,"showVisualEffectGraphs":true,"m_FxEnabled":true},"in2DMode":false,"pivot":{"x":332.7260437011719,"y":43.39012145996094,"z":-353.5266418457031},"rotation":{"x":0.012574784457683564,"y":0.3017925024032593,"z":0.003981124144047499,"w":-0.9532799124717712},"size":14.707961082458496,"orthographic":false}